{"cameraMode":{"drawMode":0,"name":"Shaded","section":"Shading Mode"},"sceneLighting":false,"audioPlay":false,"sceneViewState":{"showFog":true,"showMaterialUpdate":false,"showSkybox":true,"showFlares":true,"showImageEffects":true,"showParticleSystems":true},"in2DMode":false,"pivot":{"x":-3.0566978454589845,"y":3.2325856685638429,"z":-12.5},"rotation":{"x":0.2524750232696533,"y":-0.4326780438423157,"z":0.12761543691158296,"w":0.8560142517089844},"size":12.60159969329834,"orthographic":false}