{"cameraMode":{"drawMode":0,"name":"Shaded","section":"Shading Mode"},"sceneLighting":true,"audioPlay":false,"sceneViewState":{"showFog":true,"showMaterialUpdate":false,"showSkybox":true,"showFlares":true,"showImageEffects":true,"showParticleSystems":true},"in2DMode":false,"pivot":{"x":167.9524688720703,"y":-131.06588745117188,"z":120.86862182617188},"rotation":{"x":-0.4079897105693817,"y":0.22931140661239625,"z":-0.10664519667625427,"w":-0.8772613406181336},"size":1198.8189697265625,"orthographic":false}