{"cameraMode":{"drawMode":0,"name":"Shaded","section":"Shading Mode"},"sceneLighting":false,"audioPlay":false,"sceneViewState":{"showFog":true,"showMaterialUpdate":false,"showSkybox":true,"showFlares":true,"showImageEffects":true,"showParticleSystems":true},"in2DMode":false,"pivot":{"x":-7.559473991394043,"y":4.664111614227295,"z":-1.0846598148345948},"rotation":{"x":-0.029414618387818338,"y":0.468686044216156,"z":-0.015617628581821919,"w":-0.88273686170578},"size":19.794384002685548,"orthographic":false}