{"cameraMode":{"drawMode":0,"name":"Shaded","section":"Shading Mode"},"sceneLighting":false,"audioPlay":false,"sceneViewState":{"showFog":true,"showMaterialUpdate":false,"showSkybox":true,"showFlares":true,"showImageEffects":true,"showParticleSystems":true},"in2DMode":false,"pivot":{"x":-13.398598670959473,"y":0.5,"z":0.500737190246582},"rotation":{"x":0.0029452992603182794,"y":0.8400951623916626,"z":-0.5424119234085083,"w":0.00456213066354394},"size":1.8447562456130982,"orthographic":false}