{"cameraMode":{"drawMode":0,"name":"Shaded","section":"Shading Mode"},"sceneLighting":false,"audioPlay":false,"sceneViewState":{"showFog":true,"showMaterialUpdate":false,"showSkybox":true,"showFlares":true,"showImageEffects":true,"showParticleSystems":true},"in2DMode":false,"pivot":{"x":-25.173019409179689,"y":3.453127861022949,"z":26.862777709960939},"rotation":{"x":0.030505917966365815,"y":0.2074756771326065,"z":0.006473286543041468,"w":-0.9777430295944214},"size":742.76220703125,"orthographic":false}