{"cameraMode":{"drawMode":0,"name":"Shaded","section":"Shading Mode"},"sceneLighting":false,"audioPlay":false,"sceneViewState":{"showFog":true,"showMaterialUpdate":false,"showSkybox":true,"showFlares":true,"showImageEffects":true,"showParticleSystems":true},"in2DMode":false,"pivot":{"x":-4.54777193069458,"y":1.8685275316238404,"z":-11.916914939880371},"rotation":{"x":-0.07899464666843414,"y":-0.694725751876831,"z":-0.07721396535634995,"w":0.7107419371604919},"size":7.65870475769043,"orthographic":false}