{"cameraMode":{"drawMode":0,"name":"Shaded","section":"Shading Mode"},"sceneLighting":false,"audioPlay":false,"sceneViewState":{"showFog":true,"showMaterialUpdate":false,"showSkybox":true,"showFlares":true,"showImageEffects":true,"showParticleSystems":true},"in2DMode":false,"pivot":{"x":11.024688720703125,"y":6.5933122634887699,"z":-10.390350341796875},"rotation":{"x":-0.17901603877544404,"y":0.6998149752616882,"z":-0.18827345967292787,"w":-0.6654061675071716},"size":39.1356086730957,"orthographic":false}