{"cameraMode":{"drawMode":0,"name":"Shaded","section":"Shading Mode"},"sceneLighting":false,"audioPlay":false,"sceneViewState":{"showFog":true,"showMaterialUpdate":false,"showSkybox":true,"showFlares":true,"showImageEffects":true,"showParticleSystems":true},"in2DMode":false,"pivot":{"x":-0.04646754264831543,"y":4.0599045753479,"z":-12.725317001342774},"rotation":{"x":-0.178420752286911,"y":0.3695249557495117,"z":-0.07252795249223709,"w":-0.9090418815612793},"size":30.713747024536134,"orthographic":false}